product_id,name,kind,collections,gifts
1,Eternal Splendor Ring,rings,Forever Diamonds,"wife, anniversary"
2,Regal Enchantment Bracelet,bracelets,McKinsey Elegance,"wife, anniversary"
3,Royal Splendor Necklace,necklaces,Forever Diamonds,"wife, anniversary"
4,Opulent Glamour Earrings,earrings,Forever Diamonds,"wife, anniversary"
5,Timeless Grace Ring,rings,Forever Diamonds,"wife, anniversary"
6,Enchanted Forest Necklace,necklaces,Iguazio Nature Capture,"mom, birthday"
7,Enchanted Leaf Necklace,earrings,"Iguazio Nature Capture, Forever Diamonds","best friend, mom, birthday"
8,Enchanted Love Ring,rings,Forever Diamonds,"wife, anniversary, best friend"
9,Majestic Chain Necklace,necklaces,Timeless,"wife, graduation, best friend, mom"
